COLOR_NAME,COLOR_PRICE,COLOR_URL,CAR_NO
어비스 블랙 펄,0,,1
녹턴 그레이 메탈릭,0,,1
트랜스미션 블루 펄,0,,1
바이오필릭 블루 펄,0,,1
얼티메이트 레드 메탈릭,0,,1
세레니티 화이트 펄,80000,,1
그래비티 골드 매트,200000,,1
아틀라스 화이트,0,,2
에코트로닉 그레이 펄,0,,2
어비스 블랙 펄,0,,2
사이버 그레이 메탈릭,0,,2
아틀라스 화이트,0,,3
에코트로닉 그레이 펄,0,,3
얼티메이트 레드 메탈릭,0,,3
어비스 블랙 펄,0,,3
퍼포먼스 블루,0,,3
메타 블루 펄,0,,3
사이버 그레이 메탈릭,0,,3
트랜스미션 블루 펄,0,,4
얼티메이트 레드 메탈릭,0,,4
녹턴 그레이 메탈릭,0,,4
어비스 블랙 펄,0,,4
바이오필릭 블루 펄,0,,4
세레니티 화이트 펄,80000,,4
녹턴 그레이 매트,200000,,4
에어로 실버 매트,200000,,4
어비스 블랙 펄,0,,5
녹턴 그레이 메탈릭,0,,5
트랜스미션 블루 펄,0,,5
바이오필릭 블루 펄,0,,5
유기 브론즈 메탈릭,0,,5
큐레이티드 실버 메탈릭,0,,5
세레니티 화이트 펄,100000,,5
녹턴 그레이 매트,200000,,5
크리미 화이트 펄,0,,6
아마존 그레이 메탈릭,0,,6
얼티메이트 레드 메탈릭,0,,6
쉬머링 실버 메탈릭,0,,6
오션 인디고 펄,0,,6
티탄 그레이 메탈릭,0,,6
팬텀 블랙 펄,0,,6
파인 그린 매트,200000,,6
네오테릭 옐로우,0,,7
사이버 그레이 메탈릭,0,,7
어비스 블랙 펄,0,,7
에코트로닉 그레이 펄,0,,7
미라지 그린,0,,7
얼티메이트 레드 메탈릭,0,,7
아틀라스 화이트,0,,7
페블 블루 펄,0,,8
사이버 세이지 펄,0,,8
어비스 블랙 펄,0,,8
오카도 그린 펄,0,,8
테라코타 오렌지,0,,8
마그네틱 그레이 메탈릭,0,,8
크리미 화이트 펄,80000,,8
얼씨 브레스 메탈릭(매트),200000,,8
클리어 화이트,0,,9
밀키 베이지,0,,9
아스트로 그레이,0,,9
스모크 블루,0,,9
아쿠아 민트,0,,9
오로라 블랙 펄,0,,9
어드벤쳐러스 그린,0,,9
아이보리 매트 실버,300000,,10
스노우 화이트 펄,80000,,10
아이보리 실버,0,,10
셰일 그레이,0,,10
어벤쳐린 그린,0,,10
프로스트 블루,0,,10
오로라 블랙 펄,0,,10
스노우 화이트 펄,80000,,11
문스케이프 매트 그레이,300000,,11
아이보리 매트 실버,300000,,11
글래시어,0,,11
요트 블루,0,,11
런웨리 레드,0,,11
인터스텔라 그레이,0,,11
오로라 블랙 펄,0,,11
스노우 화이트 펄,100000,,12
판테라 메탈,0,,12
오션 블루,0,,12
아이스버그 그린,0,,12
페블 그레이,0,,12
플레어 레드,0,,12
오로라 블랙 펄,0,,12
오션 매트 블루,490000,,12
아이보리 매트 실버,490000,,12
클리어 화이트,0,,13
밀키 베이지,0,,13
어드벤쳐러스 그린,0,,13
아스트로 그레이,0,,13
스파클링 실버,0,,13
시그널 레드,0,,13
오로라 블랙 펄,0,,13
스노우 화이트 펄,80000,,14
울프 그레이,0,,14
그래비티 블루,0,,14
인터스텔라 그레이,0,,14
오로라 블랙 펄,0,,14
스노우 화이트 펄,80000,,15
아이보리 실버,0,,15
문스케이프 매트 그레이,400000,,15
선셋 베이지,0,,15
인터스텔라 그레이,0,,15
오로라 블랙 펄,0,,15
스노우 화이트 펄,80000,,16
페블 그레이,0,,16
판테라 메탈,0,,16
딥 크로마 블루,0,,16
오로라 블랙 펄,0,,16
스노우 화이트 펄,80000,,17
플루톤 블루,0,,17
그래비티 그레이,0,,17
퓨전 블랙,0,,17
다크 오션 블루,0,,17
스노우 화이트 펄,80000,,18
그래비티 그레이,0,,18
헤리티지 블루,0,,18
퓨전 블랙,0,,18
울프 그레이,0,,18
베스타 블루,0,,18
스노우 화이트 펄,80000,,19
시티스케이프 그린,0,,19
볼캐닉 샌드 브라운,0,,19
인터스텔라 그레이,0,,19
오로라 블랙 펄,0,,19
비크 블랙,0,,20
비크 블랙,0,,21
우유니 화이트,0,,22
세빌 실버,0,,22
마칼루 그레이,0,,22
비크 블랙,0,,22
마우이 블랙,0,,22
한라산 그린,0,,22
카프리 블루,0,,22
태즈먼 블루,0,,22
마칼루 그레이(매트),800000,,22
우유니 화이트,0,,23
세빌 실버,0,,23
마칼루 그레이,0,,23
비크 블랙,0,,23
태즈먼 블루,0,,23
한라산 그린,0,,23
브루클린 브라운,0,,23
마칼루 그레이(매트),700000,,23
바트나 그레이,0,,24
카와 블루,0,,24
우유니 화이트,0,,24
세빌 실버,0,,24
비크 블랙,0,,24
태즈먼 블루,0,,24
마칼루 그레이,0,,24
캐번디시 레드,0,,24
카프리 블루,0,,24
한라산 그린,0,,24
본드 실버(매트),690000,,24
마칼루 그레이(매트),690000,,24
벌리 블루(매트),690000,,24
우유니 화이트,0,,25
세빌 실버,0,,25
마칼루 그레이,0,,25
비크 블랙,0,,25
스토르 그린,0,,25
카프리 블루,0,,25
세레스 블루,0,,25
마우나 레드,0,,25
마테호른 화이트(매트),700000,,25
마칼루 그레이(매트),700000,,25
스토르 그린(매트),700000,,25
세레스 블루(매트),700000,,25
우유니 화이트,0,,26
세빌 실버,0,,26
마칼루 그레이,0,,26
비크 블랙,0,,26
스토르 그린,0,,26
카프리 블루,0,,26
마우나 레드,0,,26
세레스 블루,0,,26
마테호른 화이트(매트),700000,,26
마칼루 그레이(매트),700000,,26
스토르 그린(매트),700000,,26
세레스 블루(매트),700000,,26
사우스 씨블루 마그노,0,,27
오팔라이트 화이트 마그노,0,,27
클래식 그레이 솔릴드 논-메탈릭,0,,27
오팔랄이트 화이트 브라이트,0,,27
폴라 화이트,0,,28
나이트 블랙,0,,28
스펙트럴 블루,830000,,28
하이 테크 실버,830000,,28
마운틴 그레이 메탈릭,830000,,28
코스모스 블랙,830000,,28
디지털 화이트 메탈릭,830000,,28
파타고니아 레드 메탈릭,1480000,,28
마운틴 그레이 마그노,3300000,,28
블랙,0,,29
셀레나이트 그레이,0,,29
에메랄드 그린,0,,29
하이 테크 실버,0,,29
그라파이트 그레이,0,,29
벨벳 브라운,0,,29
노틱 블루,0,,29
옵시디안 블랙,0,,29
베르데 실버,0,,29
오팔라이트 화이트 브라이트,0,,29
루벨라이트 레드,2470000,,29
칼라하리 골드,7990000,,29
나이트 블랙,0,,30
폴라 화이트,0,,30
스펙트럴 블루,980000,,30
하이 테크 실버,980000,,30
마운틴 그레이 메탈릭,980000,,30
코스모스 블랙,980000,,30
파타고니아 레드,1390000,,30
마운틴 그레이 마그노,3940000,,30
폴라 화이트,0,,31
셀레나이트 그레이,0,,31
하이 테크 실버,0,,31
옵시디안 블랙,0,,31
오팔라이트 화이트 브라이트,2030000,,31
히아신스 레드,2030000,,31
알파인 그레이 솔리드,6350000,,31
미네랄 화이트 메탈릭,0,,32
브루클린 그레이 메탈릭,0,,32
옥사이드 그레이 메탈릭,0,,32
블랙 사파이어 메탈릭,0,,32
브루클린 그레이 메탈릭,0,,33
카본 블랙 메탈릭,0,,33
소피스토 그레이 브릴리언트 이펙트,0,,33
케이프 요크 그린 메탈릭,0,,33
블랙 사파이어 메탈릭,0,,33
미네랄 화이트 메탈릭,0,,34
소피스토 그레이 브릴리언트 이펙트,0,,34
어벤츄린 레드 메탈릭,0,,34
블랙 사파이어 메탈릭,0,,34
미네랄 화이트 메탈릭,0,,35
브루클린 그레이 메탈릭,0,,35
스카이스크래퍼 그레이 메탈릭,0,,35
맨해탄 메탈릭,0,,35
블랙 사파이어 메탈릭,0,,35
미네랄 화이트 메탈릭,0,,36
스카이스크래퍼 그레이 메탈릭,0,,36
산레모 그린 메탈릭,0,,36
블랙 사파이어 메탈릭,0,,36
Ibis White,0,,37
Suzuka Gray Metallic,0,,37
Tactics Green Metallic,0,,37
Tango Red Metallic,0,,37
Ascari Blue Metallic,0,,37
Kemora Gray Metallic,0,,37
Myth Black Metallic,0,,37
Daytona Gray Pearlescent,0,,37
Arkona White,0,,38
Brilliant Black,0,,38
Chronos Gray Metallic,0,,38
Firmament Blue Metallic,0,,38
Floret Silver Metallic,0,,38
Glacier White Metallic,0,,38
Madeira Brown Metallic,0,,38
Manhatttan Gray Metallic,0,,38
Myth Black Metallic,0,,38
Chronos Gray Metallic,0,,39
Firmament Blue Metallic,0,,39
Floret Silver Metallic,0,,39
Glacier White Metallic,0,,39
Myth Black Metallic,0,,39
Daytona Gray Pearlescent,0,,39
Floret Silver Metallic,0,,40
Glacier White Metallic,0,,40
Myth Black Metallic,0,,40
Vesuvius Gray Metallic,0,,40
Daytona Gray Pearlescent,0,,40
Matador Red Metallic,0,,41
Navarra Blue Metallic,0,,41
Vicuna Beige Metallic,0,,41
Glacier White Metallic,0,,41
Myth Black Metallic,0,,41
Satellite Silver Metallic,0,,41
Tamarind Brown Metallic,0,,41
Daytona Gray Pearlescent,0,,41
피릿 실버 메탈릭,0,,42
킹스 레드 메탈릭,0,,42
킹피셔 블루 메탈릭,0,,42
망간 그레이,0,,42
딥 블랙 펄 이펙트,0,,42
퓨어 화이트,0,,42
문스톤 그레이,0,,42
퓨어 화이트,0,,43
피릿 실버,0,,43
딥 블랙,0,,43
라이징 블루,0,,43
킹스 레드,0,,43
플라티늄 그레이,0,,43
퓨어 화이트,0,,44
나이트 쉐이드 블루,0,,44
우라노 그레이,0,,44
리플렉스 실버,0,,44
딥 블랙,0,,44
돌핀 그레이,0,,44
퓨어 화이트,0,,45
타마린드 브라운 메탈릭,0,,45
세츄라 베이지 메탈릭,0,,45
실리콘 그레이 메탈릭,0,,45
그레나딜라 블랙 메탈릭,0,,45
멜로 블루 크리스탈 이펙트,0,,45
오이스터 실버 메탈릭,0,,45
스톤워시드 블루 메탈릭,0,,46
그레나딜라 블랙 메탈릭,0,,46
킹스 레드 메탈릭,0,,46
글레이셔 화이트 메탈릭,0,,46
스케일 실버 메탈릭,0,,46
블루 더스크 메탈릭,0,,46
문스톤 그레이,0,,46
화이트,0,,47
블랙,0,,47
가드 레드,0,,47
레이싱 옐로,0,,47
제트 블랙 메탈릭,1400000,,47
바나듐 그레이 메탈릭,1400000,,47
GT 실버 메탈릭,1400000,,47
아케이트 그레이 메탈릭,1400000,,47
젠션 블루 메탈릭,1400000,,47
어벤추린 그린 메탈릭,1400000,,47
아이스 그레이 메탈릭,3600000,,47
카민 레드,3600000,,47
아크틱 그레이,3600000,,47
루비 스타 네오,3600000,,47
샤크 블루,3600000,,47
크레용,3600000,,47
화이트,0,,48
블랙,0,,48
제트 블랙 메탈릭,1900000,,48
바나듐 그레이 메탈릭,1900000,,48
GT 실버 메탈릭,1900000,,48
아이스 그레이 메탈릭,1900000,,48
가드 레드,3000000,,48
카민 레드,3000000,,48
카르타헤나 옐로 메탈릭,3000000,,48
루가노 블루,3000000,,48
젠션 블루 메탈릭,3000000,,48
셰이드 그린 메탈릭,5700000,,48
슬레이트 그레이 네오,5700000,,48
크레용,5700000,,48
화이트,0,,49
블랙,0,,49
제트 블랙 메탈릭,1900000,,49
바나듐 그레이 메탈릭,1900000,,49
GT 실버 메탈릭,1900000,,49
아이스 그레이 메탈릭,1900000,,49
가드 레드,3000000,,49
카민 레드,3000000,,49
카르타헤나 옐로 메탈릭,3000000,,49
루가노 블루,3000000,,49
젠션 블루 메탈릭,3000000,,49
셰이드 그린 메탈릭,5700000,,49
슬레이트 그레이 네오,5700000,,49
크레용,5700000,,49
화이트,0,,50
블랙,0,,50
제트 블랙 메탈릭,1900000,,50
바나듐 그레이 메탈릭,1900000,,50
GT 실버 메탈릭,1900000,,50
아이스 그레이 메탈릭,1900000,,50
가드 레드,3000000,,50
카르타헤나 옐로 메탈릭,3000000,,50
루가노 블루,3000000,,50
젠션 블루 메탈릭,3000000,,50
오크 그린 메탈릭 네오,5700000,,50
슬레이트 그레이 네오,5700000,,50
화이트,0,,51
블랙,0,,51
제트 블랙 메탈릭,1700000,,51
아이스 그레이 메탈릭,1700000,,51
볼케이노 그레이 메탈릭,1700000,,51
돌로마이트 실버 메탈릭,1700000,,51
카민 레드,2700000,,51
프로방스,2700000,,51
젠션 블루 메탈릭,2700000,,51
넵튠 블루,2700000,,51
프로즌 블루 메탈릭,2700000,,51
프로즌 베리 메탈릭,5100000,,51
오크 그린 메탈릭 네오,5100000,,51
셰이드 그린 메탈릭,5100000,,51
크레용,5100000,,51
화이트,0,,52
블랙,0,,52
제트 블랙 메탈릭,1900000,,52
아이스 그레이 메탈릭,1900000,,52
카라라 화이트 메탈릭,1900000,,52
볼케이노 그레이 메탈릭,1900000,,52
돌로마이트 실버 메탈릭,1900000,,52
카민 레드,3000000,,52
프로방스,3000000,,52
마데이라 골드 메탈릭,3000000,,52
루가노 블루,3000000,,52
젠션 블루 메탈릭,3000000,,52
프로즌 블루 메탈릭,3000000,,52
오크 그린 메탈릭 네오,5700000,,52
몬테고 블루 메탈릭,5700000,,52
어벤추린 그린 메탈릭,5700000,,52
슬레이트 그레이 네오,5700000,,52
크레용,5700000,,52
CRYSTAL BLACK P,0,,53
PLATINUM WHITE P,0,,53
METEOROID GRAY M,0,,53
CRYSTAL BLACK P,0,,54
METEOROID GRAY M,0,,54
PLATINUM WHITE P,0,,54
CRYSTAL BLACK P,0,,55
METEOROID GRAY M,0,,55
PLATINUM WHITE P,0,,55
CRYSTAL BLACK P,0,,56
METEOROID GRAY M,0,,56
PLATINUM WHITE P,0,,56
GREY METAL,0,,57
MUSTARD,0,,57
DARK BLUE,0,,57
EMOTIONAL RED,0,,57
MASSIVE GRAY,0,,58
BLACK,0,,58
PRECIOUS BRONZE,0,,58
PRECIOUS PEARL,0,,58
PLATINUM WHITE PEARL MICA,0,,59
SILVER METALLIC,0,,59
ATTITUDE BLACK MICA,0,,59
EMOTIONAL RED3,0,,59
ATTITUDE BLACK MICA,0,,60
DARK BLUE MICA,0,,60
RED MICA,0,,60
SILVER METALLIC,0,,60
GRAY METALLIC,0,,61
SILVER METALLIC,0,,61
DARK BLUE MICA,0,,61
RED MICA,0,,61
PLATINUM WHITE PEARL MICA,0,,62
PRECIOUS METAL,0,,62
BLACK,0,,62
PLATINUM WHITE PEARL MICA,0,,63
GRAY MICA METALLIC,0,,63
SILVER METALLIC,0,,63
DARK BROWN MICA METALLIC,0,,63
SONIC COPPER,0,,64
MADDER RED,0,,64
SONIC QUARTZ,0,,64
CELESTIAL BLUE GLASS FLAKE,0,,64
AETHER METALLIC,0,,65
SONIC COPPER,0,,65
GRAPHITE BLACK GLASS FLAKE,0,,65
SINIC QUARTZ,0,,65
SONIC IRIDIUM,0,,66
SONIC CHROME,0,,66
SONIC QUARTZ,0,,66
RED MICA CRYSTAL SHINE,0,,66
DEEP BLUE MICA,0,,66
LUNA LUSTER,0,,67
BLACK,0,,67
RED MICA CRYSTAL SHINE,0,,67
DEEP BLUE MICA,0,,67
SONIC TITANIUM,0,,68
SONIC QUARTZ,0,,68
GRAPHITE BLACK GLASS FLAKE,0,,68
ALPINE WHITE CLEAR COAT,0,,69
BLACK CLEAR COAT,0,,69
COLORADO RED CLEAR COAT,0,,69
SOLAR YELLOW CLEAR COAT,0,,69
Black Clear-Coat Exterior Paint,0,,70
Anvil Clear-Coat Exterior Paint,0,,70
Silver Zynith Clear-Coat Exterior Paint,0,,70
Hydro Blue Pearl-Coat Exterior Paint,0,,70
Black Clear-Coat Exterior Paint,0,,71
Anvil Clear-Coat Exterior Paint,0,,71
Silver Zynith Clear-Coat Exterior Paint,0,,71
Hydro Blue Pearl-Coat Exterior Paint,0,,71
Diamond Black Crystal Pearl-Coat Exterior Paint,0,,72
Silver Zynith Exterior Paint,0,,72
Velvet Red Pearl-Coat Exterior Paint,0,,72
Bright White Clear-Coat Exterior Paint,0,,72
Diamond Black Crystal Pearl-Coat Exterior Paint,0,,73
Silver Zynith Exterior Paint,0,,73
Velvet Red Pearl-Coat Exterior Paint,0,,73
Bright White Clear-Coat Exterior Paint,0,,73
Star White Metallic Tri-coat,0,,74
Rapid Red Metallic Tinted Clearcoat,0,,74
Agate Black Metallic,0,,74
Iconic Silver Metallic,0,,74
Agate Black,0,,75
Infinite Blue Metallic Tinted,0,,75
Rapid Red,0,,75
Star White,0,,75
Shadow Black,0,,76
Velocity Blue Metallic,0,,76
Race Red,0,,76
Cyber Orange Metallic,0,,76
Shadow Black,0,,77
Grabber Blue Metallic,0,,77
Race Red,0,,77
Yellow Splash,0,,77
스노우 화이트 펄,0,,78
모던 블랙,0,,78
밀라노 레드,0,,78
어반 옐로우,0,,78
Avalon White Pearl (G1W),0,,79
Sterling Gray (GXD),0,,79
Midnight Black (GB8),0,,79
Black Cherry (GLR),0,,79
아발론 화이트 펄,0,,80
턱시도 블랙,0,,80
러쉬 그레이,0,,80
스털링 그레이,0,,81
어반 옐로우,0,,81
퓨어화이트,0,,81
모던블랙,0,,81
Pearl White Multi-Coat,0,,82
Solid Black,2155000,,82
Deep Blue Metallic,2155000,,82
Ultra Red,4310000,,82
Pearl White Multi-Coat,0,,83
Solid Black,1286000,,83
Deep Blue Metallic,1286000,,83
Ultra Red,2759000,,83
Pearl White Multi-Coat,0,,84
Solid Black,2155000,,84
Deep Blue Metallic,2155000,,84
Ultra Red,4310000,,84
Pearl White Multi-Coat,0,,85
Solid Black,1286000,,85
Deep Blue Metallic,1286000,,85
Ultra Red,2759000,,85
후지 화이트,0,,93
산토리니 블랙,0,,93
아이거 그레이,0,,93
하쿠바 실버,0,,93
벨그라비아 그린,0,,93
바레신 블루,0,,93
오스투니 펄 화이트,1656000,,93
카르파티안 그레이,1656000,,93
바투미 골드,1656000,,93
샤랑트 그레이,1656000,,93
브리티시 레이싱 그린,12098000,,93
플럭스 실버 - 글로스 피니시,12098000,,93
에테리얼 프로스트 실버 - 글로스 피니시,12098000,,93
벨로시티 블루 - 글로스 피니시,12098000,,93
콘스텔레이션 블루 - 글로스 피니시,12098000,,93
이오니안 실버 - 글로스 피니시,12098000,,93
선셋 골드 - 글로스 피니시,12098000,,93
애미시스트 그레이 퍼플 - 글로스 피니시,12098000,,93
페트롤릭스 블루 - 글로스 피니시,12098000,,93
토르말린 브라운 - 글로스 피니시,12098000,,93
옵시디언 블랙 - 글로스 피니시,12098000,,93
아이시 화이트 - 글로스 피니시,15127000,,93
브리티시 레이싱 그린 - 새틴 피니시,15127000,,93
플럭스 실버 - 새틴 피니시,15127000,,93
벨로시티 블루 - 새틴 피니시,15127000,,93
에테리얼 프로스트 실버 - 새틴 피니시,15127000,,93
이오니안 실버 - 새틴 피니시,15127000,,93
선셋 골드 - 새틴 피니시,15127000,,93
토르말린 브라운 - 새틴 피니시,15127000,,93
옵시디언 블랙 - 새틴 피니시,15127000,,93
아이시 화이트 - 새틴 피니시,18155000,,93
후지 화이트,0,,94
산토리니 블랙,0,,94
아이거 그레이,0,,94
하쿠바 실버,0,,94
벨그라비아 그린,0,,94
바레신 블루,0,,94
오스투니 펄 화이트,1656000,,94
카르파티안 그레이,1656000,,94
바투미 골드,1656000,,94
샤랑트 그레이,1656000,,94
브리티시 레이싱 그린,12098000,,94
플럭스 실버 - 글로스 피니시,12098000,,94
에테리얼 프로스트 실버 - 글로스 피니시,12098000,,94
벨로시티 블루 - 글로스 피니시,12098000,,94
콘스텔레이션 블루 - 글로스 피니시,12098000,,94
이오니안 실버 - 글로스 피니시,12098000,,94
선셋 골드 - 글로스 피니시,12098000,,94
애미시스트 그레이 퍼플 - 글로스 피니시,12098000,,94
페트롤릭스 블루 - 글로스 피니시,12098000,,94
토르말린 브라운 - 글로스 피니시,12098000,,94
옵시디언 블랙 - 글로스 피니시,12098000,,94
아이시 화이트 - 글로스 피니시,15127000,,94
브리티시 레이싱 그린 - 새틴 피니시,15127000,,94
플럭스 실버 - 새틴 피니시,15127000,,94
벨로시티 블루 - 새틴 피니시,15127000,,94
에테리얼 프로스트 실버 - 새틴 피니시,15127000,,94
이오니안 실버 - 새틴 피니시,15127000,,94
선셋 골드 - 새틴 피니시,15127000,,94
토르말린 브라운 - 새틴 피니시,15127000,,94
옵시디언 블랙 - 새틴 피니시,15127000,,94
아이시 화이트 - 새틴 피니시,18155000,,94
후지 화이트,0,,95
산토리니 블랙,0,,95
아이거 그레이,0,,95
하쿠바 실버,0,,95
벨그라비아 그린,0,,95
바레신 블루,0,,95
피렌체 레드,0,,95
보라스코 그레이,0,,95
오스투니 펄 화이트,1656000,,95
카르파티안 그레이,1656000,,95
샤랑트 그레이,1656000,,95
브리티시 레이싱 그린,12098000,,95
플럭스 실버 - 글로스 피니시,12098000,,95
에테리얼 프로스트 실버 - 글로스 피니시,12098000,,95
벨로시티 블루 - 글로스 피니시,12098000,,95
콘스텔레이션 블루 - 글로스 피니시,12098000,,95
이오니안 실버 - 글로스 피니시,12098000,,95
선셋 골드 - 글로스 피니시,12098000,,95
애미시스트 그레이 퍼플 - 글로스 피니시,12098000,,95
페트롤릭스 블루 - 글로스 피니시,12098000,,95
토르말린 브라운 - 글로스 피니시,12098000,,95
옵시디언 블랙 - 글로스 피니시,12098000,,95
선라이즈 코퍼 - 글로스 피니시,12098000,,95
브리티시 레이싱 그린 - 새틴 피니시,15127000,,95
플럭스 실버 - 새틴 피니시,15127000,,95
벨로시티 블루 - 새틴 피니시,15127000,,95
에테리얼 프로스트 실버 - 새틴 피니시,15127000,,95
이오니안 실버 - 새틴 피니시,15127000,,95
선셋 골드 - 새틴 피니시,15127000,,95
토르말린 브라운 - 새틴 피니시,15127000,,95
아이거 그레이 - 새틴 피니시,15127000,,95
선라이즈 코퍼 - 새틴 피니시,15127000,,95
후지 화이트,0,,96
산토리니 블랙,0,,96
아이거 그레이,0,,96
하쿠바 실버,0,,96
벨그라비아 그린,0,,96
바레신 블루,0,,96
피렌체 레드,0,,96
보라스코 그레이,0,,96
오스투니 펄 화이트,1656000,,96
카르파티안 그레이,1656000,,96
샤랑트 그레이,1656000,,96
브리티시 레이싱 그린,12098000,,96
플럭스 실버 - 글로스 피니시,12098000,,96
에테리얼 프로스트 실버 - 글로스 피니시,12098000,,96
벨로시티 블루 - 글로스 피니시,12098000,,96
콘스텔레이션 블루 - 글로스 피니시,12098000,,96
이오니안 실버 - 글로스 피니시,12098000,,96
선셋 골드 - 글로스 피니시,12098000,,96
애미시스트 그레이 퍼플 - 글로스 피니시,12098000,,96
페트롤릭스 블루 - 글로스 피니시,12098000,,96
토르말린 브라운 - 글로스 피니시,12098000,,96
옵시디언 블랙 - 글로스 피니시,12098000,,96
선라이즈 코퍼 - 글로스 피니시,12098000,,96
브리티시 레이싱 그린 - 새틴 피니시,15127000,,96
플럭스 실버 - 새틴 피니시,15127000,,96
벨로시티 블루 - 새틴 피니시,15127000,,96
에테리얼 프로스트 실버 - 새틴 피니시,15127000,,96
이오니안 실버 - 새틴 피니시,15127000,,96
선셋 골드 - 새틴 피니시,15127000,,96
토르말린 브라운 - 새틴 피니시,15127000,,96
아이거 그레이 - 새틴 피니시,15127000,,96
선라이즈 코퍼 - 새틴 피니시,15127000,,96
후지 화이트,0,,97
팡게아 그린,0,,97
곤드와나 스톤,0,,97
산토리니 블랙,0,,97
태즈먼 블루,0,,97
실리콘 실버,0,,97
카르파티안 그레이,0,,97
스탠다드,0,,98
Lyrical Copper,0,,98
Darkest Tungsten,0,,98
Black Diamond,0,,98
English White,0,,98
Jubilee Silver,0,,98
Midnight Sapphire,0,,98
Silver,0,,98
Iguazu blue,0,,98
Dark Emerald,0,,98
Belladonna Purple,0,,98
Scala Red,0,,98
Bohemian Red,0,,98
Anthracite,0,,98
Tempest Grey,0,,98
스탠다드,0,,99
Lyrical Copper,0,,99
Darkest Tungsten,0,,99
Black Diamond,0,,99
English White,0,,99
Jubilee Silver,0,,99
Midnight Sapphire,0,,99
Silver,0,,99
Iguazu blue,0,,99
Dark Emerald,0,,99
Belladonna Purple,0,,99
Scala Red,0,,99
Bohemian Red,0,,99
Anthracite,0,,99
Tempest Grey,0,,99
Black,0,,103
Blue,0,,103
Gold,0,,103
Orange,0,,103
Browns,0,,103
Green,0,,103
Red,0,,103
Purple,0,,103
Silver,0,,103
White,0,,103
Beige,0,,103
